{
  "Close Sessions On End" : true,
  "Ansi 15 Color (Dark)" : {
    "Green Component" : 0.99997437000274658,
    "Blue Component" : 0.99999129772186279,
    "Red Component" : 1
  },
  "Non-ASCII Anti Aliased" : true,
  "Cursor Text Color" : {
    "Green Component" : 0,
    "Blue Component" : 0,
    "Red Component" : 0
  },
  "Prompt Before Closing 2" : false,
  "Ansi 3 Color (Dark)" : {
    "Green Component" : 0.77254901960784317,
    "Blue Component" : 0.27843137254901962,
    "Red Component" : 0.90588235294117647
  },
  "Ansi 12 Color (Dark)" : {
    "Green Component" : 0.65098039220000004,
    "Blue Component" : 0.85490196080000003,
    "Red Component" : 0.47843137250000001
  },
  "Initial Use Transparency" : true,
  "Mouse Reporting" : true,
  "Use Underline Color (Light)" : false,
  "Disable Window Resizing" : true,
  "BM Growl" : true,
  "Background Color (Dark)" : {
    "Green Component" : 0,
    "Blue Component" : 0,
    "Red Component" : 0
  },
  "Guid" : "55E9B295-F2E6-4E87-93C3-C8C4F4FFCC10",
  "Cursor Color (Dark)" : {
    "Green Component" : 0.91671288009999996,
    "Blue Component" : 0.91648769379999995,
    "Red Component" : 0.91654461620000005
  },
  "Selection Color (Dark)" : {
    "Green Component" : 0.26027005910873413,
    "Blue Component" : 0.26020613312721252,
    "Red Component" : 0.26022228598594666
  },
  "Mouse Reporting allow mouse wheel" : true,
  "Only The Default BG Color Uses Transparency" : true,
  "Scrollback Lines" : 10000,
  "Badge Color (Dark)" : {
    "Red Component" : 0.92929404973983765,
    "Color Space" : "P3",
    "Blue Component" : 0.13960540294647217,
    "Alpha Component" : 0.5,
    "Green Component" : 0.25479039549827576
  },
  "Ansi 0 Color (Dark)" : {
    "Green Component" : 0,
    "Blue Component" : 0,
    "Red Component" : 0
  },
  "Transparency" : 0,
  "Use Bright Bold" : true,
  "Horizontal Spacing" : 1,
  "Ansi 13 Color (Light)" : {
    "Green Component" : 0.59215686270000001,
    "Blue Component" : 0.84705882349999995,
    "Red Component" : 0.76470588240000004
  },
  "Blur" : false,
  "Ansi 13 Color" : {
    "Green Component" : 0.59215686270000001,
    "Blue Component" : 0.84705882349999995,
    "Red Component" : 0.76470588240000004
  },
  "Ansi 2 Color (Dark)" : {
    "Green Component" : 0.792156862745098,
    "Blue Component" : 0.29019607843137252,
    "Red Component" : 0.72549019607843135
  },
  "Cursor Color" : {
    "Green Component" : 0.91671288009999996,
    "Blue Component" : 0.91648769379999995,
    "Red Component" : 0.91654461620000005
  },
  "Use Cursor Guide (Light)" : false,
  "Option Key Sends" : 2,
  "Idle Code" : 0,
  "Ansi 13 Color (Dark)" : {
    "Green Component" : 0.59215686270000001,
    "Blue Component" : 0.84705882349999995,
    "Red Component" : 0.76470588240000004
  },
  "Send Code When Idle" : false,
  "Selection Color" : {
    "Green Component" : 0.26027005910873413,
    "Blue Component" : 0.26020613312721252,
    "Red Component" : 0.26022228598594666
  },
  "Allow Paste Bracketing" : false,
  "Terminal Type" : "xterm-256color",
  "Cursor Boost (Dark)" : 0,
  "Right Option Key Sends" : 0,
  "Background Color" : {
    "Green Component" : 0,
    "Blue Component" : 0,
    "Red Component" : 0
  },
  "Ansi 10 Color (Dark)" : {
    "Green Component" : 0.79215686269999996,
    "Blue Component" : 0.2901960784,
    "Red Component" : 0.72549019609999998
  },
  "Ansi 10 Color" : {
    "Green Component" : 0.79215686269999996,
    "Blue Component" : 0.2901960784,
    "Red Component" : 0.72549019609999998
  },
  "Vertical Spacing" : 1,
  "Use Tab Color (Light)" : false,
  "Columns" : 80,
  "Ansi 2 Color (Light)" : {
    "Green Component" : 0.792156862745098,
    "Blue Component" : 0.29019607843137252,
    "Red Component" : 0.72549019607843135
  },
  "Screen" : -1,
  "Cursor Text Color (Dark)" : {
    "Green Component" : 0,
    "Blue Component" : 0,
    "Red Component" : 0
  },
  "Description" : "Default",
  "Unlimited Scrollback" : false,
  "Use Italic Font" : true,
  "Working Directory" : "\/Users\/jmiller",
  "Selected Text Color (Dark)" : {
    "Green Component" : 0.91671288013458252,
    "Blue Component" : 0.91648769378662109,
    "Red Component" : 0.91654461622238159
  },
  "Use Cursor Guide (Dark)" : false,
  "Visual Bell" : true,
  "Link Color (Light)" : {
    "Red Component" : 0.14513972401618958,
    "Color Space" : "P3",
    "Blue Component" : 0.7093239426612854,
    "Alpha Component" : 1,
    "Green Component" : 0.35333043336868286
  },
  "Ansi 1 Color (Dark)" : {
    "Green Component" : 0.30588235294117649,
    "Blue Component" : 0.32549019607843138,
    "Red Component" : 0.83529411764705885
  },
  "Default Bookmark" : "No",
  "Ansi 14 Color (Light)" : {
    "Green Component" : 0.75294117650000003,
    "Blue Component" : 0.69411764710000001,
    "Red Component" : 0.43921568630000002
  },
  "Ansi 7 Color (Light)" : {
    "Green Component" : 0.99997437000274658,
    "Blue Component" : 0.99999129772186279,
    "Red Component" : 1
  },
  "Ansi 3 Color (Light)" : {
    "Green Component" : 0.77254901960784317,
    "Blue Component" : 0.27843137254901962,
    "Red Component" : 0.90588235294117647
  },
  "Ansi 9 Color (Dark)" : {
    "Green Component" : 0.30588235289999999,
    "Blue Component" : 0.32549019610000002,
    "Red Component" : 0.83529411760000005
  },
  "Badge Color (Light)" : {
    "Red Component" : 0.92929404973983765,
    "Color Space" : "P3",
    "Blue Component" : 0.13960540294647217,
    "Alpha Component" : 0.5,
    "Green Component" : 0.25479039549827576
  },
  "Ansi 14 Color (Dark)" : {
    "Green Component" : 0.75294117650000003,
    "Blue Component" : 0.69411764710000001,
    "Red Component" : 0.43921568630000002
  },
  "Tags" : [

  ],
  "Link Color (Dark)" : {
    "Red Component" : 0.14513972401618958,
    "Color Space" : "P3",
    "Blue Component" : 0.7093239426612854,
    "Alpha Component" : 1,
    "Green Component" : 0.35333043336868286
  },
  "Custom Command" : "No",
  "Jobs to Ignore" : [
    "rlogin",
    "ssh",
    "slogin",
    "telnet"
  ],
  "Use Non-ASCII Font" : false,
  "Custom Directory" : "No",
  "Use Selected Text Color (Light)" : true,
  "Bold Color (Light)" : {
    "Green Component" : 0.91671288009999996,
    "Blue Component" : 0.91648769379999995,
    "Red Component" : 0.91654461620000005
  },
  "Brighten Bold Text (Dark)" : true,
  "Ansi 8 Color (Light)" : {
    "Green Component" : 0,
    "Blue Component" : 0,
    "Red Component" : 0
  },
  "Name" : "Default",
  "Ansi 11 Color (Dark)" : {
    "Green Component" : 0.7725490196,
    "Blue Component" : 0.2784313725,
    "Red Component" : 0.90588235289999997
  },
  "Ansi 14 Color" : {
    "Green Component" : 0.75294117650000003,
    "Blue Component" : 0.69411764710000001,
    "Red Component" : 0.43921568630000002
  },
  "Faint Text Alpha (Dark)" : 0.5,
  "Rows" : 25,
  "Background Color (Light)" : {
    "Green Component" : 0,
    "Blue Component" : 0,
    "Red Component" : 0
  },
  "Cursor Guide Color (Light)" : {
    "Red Component" : 0.74862593412399292,
    "Color Space" : "P3",
    "Blue Component" : 0.99125725030899048,
    "Alpha Component" : 0.25,
    "Green Component" : 0.92047786712646484
  },
  "Ansi 6 Color (Dark)" : {
    "Green Component" : 0.75294117647058822,
    "Blue Component" : 0.69411764705882351,
    "Red Component" : 0.4392156862745098
  },
  "Use Tab Color" : false,
  "Use Bright Bold (Light)" : true,
  "Background Image Mode" : 1,
  "Cursor Color (Light)" : {
    "Green Component" : 0.91671288009999996,
    "Blue Component" : 0.91648769379999995,
    "Red Component" : 0.91654461620000005
  },
  "Ansi 15 Color (Light)" : {
    "Green Component" : 0.99997437000274658,
    "Blue Component" : 0.99999129772186279,
    "Red Component" : 1
  },
  "Ansi 11 Color" : {
    "Green Component" : 0.7725490196,
    "Blue Component" : 0.2784313725,
    "Red Component" : 0.90588235289999997
  },
  "Sync Title" : false,
  "Ansi 8 Color (Dark)" : {
    "Green Component" : 0,